{"cameraMode":{"drawMode":0,"name":"Shaded","section":"Shading Mode"},"sceneLighting":true,"audioPlay":false,"sceneViewState":{"m_AlwaysRefresh":false,"showFog":true,"showSkybox":true,"showFlares":true,"showImageEffects":true,"showParticleSystems":true,"showVisualEffectGraphs":true,"m_FxEnabled":true},"in2DMode":false,"pivot":{"x":148.71890258789063,"y":227.42628479003907,"z":-835.2876586914063},"rotation":{"x":-0.017999159172177316,"y":0.0015004439046606422,"z":0.000027228174076299183,"w":0.9998383522033691},"size":345.3272399902344,"orthographic":true}