{"cameraMode":{"drawMode":0,"name":"Shaded","section":"Shading Mode"},"sceneLighting":true,"audioPlay":false,"sceneViewState":{"m_AlwaysRefresh":false,"showFog":true,"showSkybox":true,"showFlares":true,"showImageEffects":true,"showParticleSystems":true,"showVisualEffectGraphs":true,"m_FxEnabled":true},"in2DMode":false,"pivot":{"x":37.739627838134769,"y":19.610429763793947,"z":3.7052128314971926},"rotation":{"x":-0.2979148328304291,"y":0.5095897912979126,"z":-0.19373933970928193,"w":-0.7836043238639832},"size":14.652666091918946,"orthographic":false}